TOP;Jumlah
debat pertama pilpres 2024;100
hasil debat capres pertama;97
hasil debat capres 2024;97
hasil debat pertama capres 2024;96
pernyataan pemungkas anies di debat pertama pilpres 2024;84
alam ganjar ungkap obrolannya dengan gibran di sela jeda debat capres;80
debat cawapres pertama;69
debat capres cawapres 2024;69
debat cawapres 2024;69
debat capres cawapres;68
debat cawapres;68
tema debat pertama capres 2024;57
tema debat capres 2024;55
tema debat capres pertama;55
tema debat pertama;55
jadwal debat pertama capres 2024;53
jadwal debat capres;53
jadwal debat capres 2024;52
kapan debat capres pertama;48
kapan debat pertama capres 2024;47
debat capres 2024 kapan;46
survei capres;44
survei capres 2024;43
elektabilitas capres 2024;40
elektabilitas capres;38
